new_ids,listed_products, total_units_sold , mean_units_sold_per_product ,rating, ratings_count ,mean_product_prices,mean_retail_prices,average_markup,average_discount
001,2," 120,000 "," 60,000 ",4.219," 320,031 ",9,20,11.00,54
002,5," 107,100 "," 21,420 ",3.934," 139,223 ",7.76,34.2,26.44,61
003,2," 100,007 "," 50,004 ",4.053," 108,048 ",8,8,0.00,-1
004,1," 100,000 "," 100,000 ",3.889," 19,248 ",5.67,19,13.33,71
005,1," 100,000 "," 100,000 ",4.036," 366,898 ",5,33,28.00,85
006,1," 100,000 "," 100,000 ",4.067," 330,405 ",5.77,48,42.23,88
007,7," 96,000 "," 13,714 ",4.139," 55,499 ",6.69,6.29,-0.40,-4
008,4," 90,100 "," 22,525 ",4.049," 151,249 ",3.43,3.75,0.32,11
009,3," 80,000 "," 26,667 ",4.104," 839,882 ",7.22,14.67,7.45,33
010,5," 80,000 "," 16,000 ",3.966," 12,974 ",8.4,7.8,-0.60,-7
011,3," 75,000 "," 25,000 ",4.256," 165,915 ",13.33,100.33,87.00,86
012,4," 71,100 "," 17,775 ",3.968," 51,369 ",11.5,86.25,74.75,87
013,6," 63,100 "," 10,517 ",4.147," 126,370 ",3.61,3.33,-0.28,-4
014,3," 61,000 "," 20,333 ",4.179," 17,816 ",8.67,8,-0.67,-8
015,4," 60,100 "," 15,025 ",4.128," 151,914 ",12.5,83,70.50,86
016,3," 60,000 "," 20,000 ",4.157," 402,743 ",9,114,105.00,58
017,3," 60,000 "," 20,000 ",4.387," 18,910 ",16.33,14.33,-2.00,-14
018,15," 58,500 "," 3,900 ",3.885," 32,168 ",4.18,4.13,-0.05,1
019,6," 55,200 "," 9,200 ",4.121," 55,670 ",5.39,5.17,-0.22,-3
020,2," 55,000 "," 27,500 ",4.156," 15,538 ",5.5,5,-0.50,-8
021,12," 54,300 "," 4,525 ",4.045," 12,309 ",5.56,5.17,-0.39,-4
022,3," 50,000 "," 16,667 ",4.038," 70,773 ",8,7.33,-0.67,-9
023,4," 50,000 "," 12,500 ",4.154," 59,903 ",7.12,6.5,-0.62,-9
024,1," 50,000 "," 50,000 ",3.84," 78,307 ",8,54,46.00,86
025,1," 50,000 "," 50,000 ",4.077," 10,194 ",7,6,-1.00,-16
026,1," 50,000 "," 50,000 ",4.095," 13,665 ",4,6,2.00,34
027,1," 50,000 "," 50,000 ",4.095," 11,481 ",5,5,0.00,0
028,1," 50,000 "," 50,000 ",4.096," 96,276 ",5.7,58,52.30,91
029,1," 50,000 "," 50,000 ",4.105," 59,198 ",9,81,72.00,89
030,1," 50,000 "," 50,000 ",4.165," 229,199 ",2,2,0.00,0
031,1," 50,000 "," 50,000 ",4.216," 203,805 ",4.66,11,6.34,58
032,1," 50,000 "," 50,000 ",4.228," 38,264 ",6,6,0.00,0
033,1," 50,000 "," 50,000 ",4.302," 37,076 ",9,8,-1.00,-12
034,6," 46,000 "," 7,667 ",3.968," 36,361 ",8.5,41.83,33.33,67
035,8," 43,100 "," 5,388 ",4.081," 88,193 ",8.25,7.63,-0.62,-8
036,4," 41,100 "," 10,275 ",4.08," 18,877 ",7.47,20.25,12.78,17
037,3," 41,000 "," 13,667 ",4.284," 43,676 ",5.33,5,-0.33,-5
038,4," 41,000 "," 10,250 ",3.802," 54,504 ",7,8.75,1.75,17
039,4," 40,000 "," 10,000 ",4.109," 16,013 ",6.68,6.25,-0.43,-3
040,2," 40,000 "," 20,000 ",4.105," 73,701 ",9.5,34,24.50,73
041,2," 40,000 "," 20,000 ",4.137," 17,760 ",11,14,3.00,22
042,2," 40,000 "," 20,000 ",4.168," 19,221 ",8,7,-1.00,-14
043,8," 36,100 "," 4,513 ",4.106," 42,919 ",6.55,23.75,17.20,46
044,5," 32,000 "," 6,400 ",4.066," 39,381 ",10.8,23.8,13.00,7
045,6," 31,206 "," 5,201 ",4.05," 65,189 ",7.67,16.83,9.16,39
046,4," 31,000 "," 7,750 ",4," 13,946 ",9.5,8.5,-1.00,-12
047,3," 30,000 "," 10,000 ",3.936," 5,816 ",11,10,-1.00,-10
048,3," 30,000 "," 10,000 ",4.188," 80,713 ",8,84,76.00,91
049,3," 30,000 "," 10,000 ",4.31," 78,616 ",12.67,11.33,-1.34,-11
050,4," 30,000 "," 7,500 ",4.09," 14,095 ",6,5.75,-0.25,-2
051,2," 30,000 "," 15,000 ",3.903," 25,356 ",8.5,22,13.50,55
052,2," 30,000 "," 15,000 ",3.999," 45,964 ",5.41,5.5,0.09,2
053,9," 28,100 "," 3,122 ",4.007," 80,093 ",9.58,17.78,8.20,18
054,4," 27,000 "," 6,750 ",3.925," 12,441 ",10,9,-1.00,-11
055,5," 26,100 "," 5,220 ",3.929," 24,564 ",7.76,21.8,14.04,17
056,4," 26,000 "," 6,500 ",3.872," 8,821 ",10,8.75,-1.25,-14
057,4," 26,000 "," 6,500 ",4.265," 96,838 ",6.34,5.5,-0.84,-15
058,6," 25,200 "," 4,200 ",3.909," 10,474 ",7.83,7.17,-0.66,-8
059,4," 25,100 "," 6,275 ",3.939," 35,262 ",7,21.75,14.75,42
060,2," 25,000 "," 12,500 ",3.999," 20,681 ",9,8.5,-0.50,-6
061,2," 25,000 "," 12,500 ",4.095," 11,854 ",6.87,6,-0.87,-14
062,4," 22,100 "," 5,525 ",3.872," 22,711 ",12.75,40.5,27.75,69
063,4," 22,100 "," 5,525 ",3.981," 12,913 ",11.25,29.25,18.00,25
064,3," 22,000 "," 7,333 ",3.881," 3,771 ",8,7,-1.00,-14
065,5," 22,000 "," 4,400 ",4," 5,534 ",8.36,25.2,16.84,68
066,6," 21,400 "," 3,567 ",3.9," 17,752 ",5.68,10.33,4.65,38
067,4," 21,100 "," 5,275 ",4.201," 90,105 ",13.25,93,79.75,86
068,2," 21,000 "," 10,500 ",3.998," 40,245 ",8.5,7.5,-1.00,-13
069,2," 21,000 "," 10,500 ",4.023," 5,281 ",9.5,8.5,-1.00,-12
070,2," 21,000 "," 10,500 ",4.069," 25,093 ",8,91,83.00,92
071,2," 21,000 "," 10,500 ",4.085," 15,076 ",9,13,4.00,31
072,2," 21,000 "," 10,500 ",4.099," 40,616 ",8.5,7.5,-1.00,-13
073,2," 21,000 "," 10,500 ",4.19," 8,191 ",11.5,106,94.50,90
074,5," 20,300 "," 4,060 ",4.138," 66,644 ",5.61,5.2,-0.41,-3
075,3," 20,200 "," 6,733 ",4.002," 14,482 ",6.15,5.67,-0.48,1
076,3," 20,200 "," 6,733 ",4.155," 16,803 ",10.33,9,-1.33,-15
077,5," 20,200 "," 4,040 ",4.204," 246,312 ",9.2,9,-0.20,-3
078,3," 20,100 "," 6,700 ",3.874," 9,177 ",7.67,18,10.33,58
079,3," 20,100 "," 6,700 ",4.225," 5,316 ",6.33,40.67,34.34,42
080,2," 20,100 "," 10,050 ",3.919," 3,791 ",3.38,3.5,0.12,4
081,2," 20,100 "," 10,050 ",4.017," 40,943 ",5.75,30.5,24.75,39
082,2," 20,100 "," 10,050 ",4.153," 8,776 ",7.5,7,-0.50,-6
083,3," 20,020 "," 6,673 ",3.925," 32,394 ",7.67,25.33,17.66,51
084,3," 20,000 "," 6,667 ",3.732," 3,566 ",6.6,5.67,-0.93,-16
085,3," 20,000 "," 6,667 ",3.85," 4,295 ",6.59,5.67,-0.92,-16
086,3," 20,000 "," 6,667 ",4.268," 61,895 ",10,9,-1.00,-11
087,3," 20,000 "," 6,667 ",4.29," 9,200 ",9,8,-1.00,-13
088,3," 20,000 "," 6,667 ",4.294," 213,709 ",5.91,27,21.09,77
089,1," 20,000 "," 20,000 ",3.915," 14,553 ",14,12,-2.00,-16
090,1," 20,000 "," 20,000 ",3.962," 21,210 ",5.8,43,37.20,87
091,1," 20,000 "," 20,000 ",3.962," 33,839 ",11,20,9.00,45
092,1," 20,000 "," 20,000 ",3.999," 12,476 ",8,7,-1.00,-14
093,1," 20,000 "," 20,000 ",4.003," 4,336 ",11,19,8.00,43
094,1," 20,000 "," 20,000 ",4.007," 15,106 ",9,50,41.00,82
095,1," 20,000 "," 20,000 ",4.017," 11,965 ",11,84,73.00,87
096,1," 20,000 "," 20,000 ",4.047," 56,999 ",3.79,49,45.21,93
097,1," 20,000 "," 20,000 ",4.064," 43,742 ",7,11,4.00,37
098,1," 20,000 "," 20,000 ",4.065," 15,748 ",9,8,-1.00,-12
099,1," 20,000 "," 20,000 ",4.07," 3,271 ",7,6,-1.00,-16
100,1," 20,000 "," 20,000 ",4.073," 6,714 ",6,6,0.00,0
101,1," 20,000 "," 20,000 ",4.082," 22,089 ",9,9,0.00,0
102,1," 20,000 "," 20,000 ",4.084," 15,006 ",8,59,51.00,87
103,1," 20,000 "," 20,000 ",4.097," 200,089 ",13,30,17.00,57
104,1," 20,000 "," 20,000 ",4.097," 4,107 ",22,19,-3.00,-15
105,1," 20,000 "," 20,000 ",4.097," 45,964 ",13,252,239.00,95
106,1," 20,000 "," 20,000 ",4.112," 30,892 ",12,11,-1.00,-9
107,1," 20,000 "," 20,000 ",4.114," 11,740 ",6,6,0.00,0
108,1," 20,000 "," 20,000 ",4.119," 4,646 ",5.87,5,-0.87,-17
109,1," 20,000 "," 20,000 ",4.13," 9,492 ",8,7,-1.00,-14
110,1," 20,000 "," 20,000 ",4.147," 21,892 ",8,7,-1.00,-14
111,1," 20,000 "," 20,000 ",4.165," 8,501 ",7,6,-1.00,-16
112,1," 20,000 "," 20,000 ",4.168," 49,327 ",9,36,27.00,75
113,1," 20,000 "," 20,000 ",4.184," 6,555 ",5.78,8,2.22,28
114,1," 20,000 "," 20,000 ",4.196," 8,205 ",5.66,5,-0.66,-13
115,1," 20,000 "," 20,000 ",4.196," 4,570 ",3.65,4,0.35,9
116,1," 20,000 "," 20,000 ",4.197," 127,966 ",5.71,84,78.29,94
117,1," 20,000 "," 20,000 ",4.205," 48,654 ",8,84,76.00,91
118,1," 20,000 "," 20,000 ",4.209," 32,923 ",8,7,-1.00,-14
119,1," 20,000 "," 20,000 ",4.26," 10,269 ",5,5,0.00,0
120,1," 20,000 "," 20,000 ",4.288," 44,067 ",13,11,-2.00,-18
121,1," 20,000 "," 20,000 ",4.292," 4,448 ",11,10,-1.00,-10
122,1," 20,000 "," 20,000 ",4.31," 58,068 ",11,37,26.00,71
123,1," 20,000 "," 20,000 ",4.319," 12,304 ",5.88,9,3.12,35
124,1," 20,000 "," 20,000 ",4.321," 68,022 ",2.65,3,0.35,12
125,1," 20,000 "," 20,000 ",4.33," 295,161 ",19,105,86.00,82
126,1," 20,000 "," 20,000 ",4.448," 6,719 ",8,75,67.00,90
127,1," 20,000 "," 20,000 ",4.462," 100,789 ",3.66,4,0.34,9
128,2," 20,000 "," 10,000 ",3.901," 12,006 ",8,7,-1.00,-14
129,2," 20,000 "," 10,000 ",3.938," 7,314 ",5.93,5.5,-0.43,-8
130,2," 20,000 "," 10,000 ",4.144," 110,548 ",7,12,5.00,26
131,2," 20,000 "," 10,000 ",4.168," 2,050 ",8,140,132.00,95
132,2," 20,000 "," 10,000 ",4.194," 3,665 ",8,16,8.00,50
133,2," 20,000 "," 10,000 ",4.236," 190,918 ",11,10,-1.00,-10
134,2," 20,000 "," 10,000 ",4.244," 10,258 ",8,7,-1.00,-14
135,2," 20,000 "," 10,000 ",4.307," 5,808 ",9,10,1.00,10
136,8," 17,400 "," 2,175 ",3.868," 10,600 ",5.45,5.38,-0.07,0
137,4," 17,000 "," 4,250 ",3.899," 17,120 ",10,17.5,7.50,27
138,3," 16,000 "," 5,333 ",4.19," 21,012 ",3.83,38,34.17,89
139,4," 15,100 "," 3,775 ",4.167," 139,788 ",7.25,23.5,16.25,47
140,4," 15,100 "," 3,775 ",4.275," 5,781 ",8.25,22.5,14.25,50
141,3," 15,050 "," 5,017 ",4.146," 21,485 ",8.33,17.67,9.34,31
142,2," 15,000 "," 7,500 ",3.938," 4,178 ",8,7,-1.00,-14
143,2," 15,000 "," 7,500 ",4.03," 16,447 ",13.5,11.5,-2.00,-17
144,2," 15,000 "," 7,500 ",4.055," 7,069 ",6.45,5.5,-0.95,-17
145,2," 15,000 "," 7,500 ",4.058," 4,213 ",7.5,7,-0.50,-7
146,2," 15,000 "," 7,500 ",4.238," 22,765 ",10,14.5,4.50,25
147,5," 13,100 "," 2,620 ",3.886," 32,858 ",9.78,8.6,-1.18,-12
148,4," 13,000 "," 3,250 ",4.03," 37,956 ",6.1,43,36.90,65
149,3," 12,000 "," 4,000 ",3.996," 25,260 ",6.33,6,-0.33,-5
150,3," 12,000 "," 4,000 ",4.018," 35,358 ",5.96,6.33,0.37,8
151,4," 12,000 "," 3,000 ",3.947," 5,083 ",7.4,25,17.60,38
152,4," 12,000 "," 3,000 ",4.137," 11,505 ",6.11,11.5,5.39,33
153,5," 11,200 "," 2,240 ",3.947," 130,598 ",10.18,13,2.82,4
154,4," 11,100 "," 2,775 ",4.02," 23,832 ",8.75,9.5,0.75,7
155,4," 11,100 "," 2,775 ",4.101," 18,029 ",11.5,17.75,6.25,20
156,3," 11,000 "," 3,667 ",4.102," 67,171 ",8,8,0.00,1
157,2," 11,000 "," 5,500 ",3.85," 5,934 ",8,60.5,52.50,70
158,2," 11,000 "," 5,500 ",3.865," 4,524 ",9,18,9.00,31
159,2," 11,000 "," 5,500 ",3.973," 45,524 ",6.93,22.5,15.57,41
160,2," 11,000 "," 5,500 ",4.029," 10,501 ",6,50,44.00,81
161,2," 11,000 "," 5,500 ",4.163," 6,329 ",10.5,9,-1.50,-16
162,2," 11,000 "," 5,500 ",4.193," 20,387 ",15,125,110.00,88
163,4," 10,200 "," 2,550 ",4.114," 9,827 ",7.5,21,13.50,65
164,3," 10,100 "," 3,367 ",4.014," 15,348 ",6.67,27.33,20.66,51
165,2," 10,100 "," 5,050 ",3.928," 29,615 ",10,27,17.00,47
166,2," 10,100 "," 5,050 ",3.987," 59,234 ",7.5,46,38.50,46
167,1," 10,000 "," 10,000 ",3.795," 6,158 ",12,11,-1.00,-9
168,1," 10,000 "," 10,000 ",3.795," 1,260 ",8,56,48.00,86
169,1," 10,000 "," 10,000 ",3.849," 3,972 ",9,14,5.00,36
170,1," 10,000 "," 10,000 ",3.872," 12,371 ",11,20,9.00,45
171,1," 10,000 "," 10,000 ",3.897," 8,563 ",8,7,-1.00,-14
172,1," 10,000 "," 10,000 ",3.907," 1,702 ",7,16,9.00,57
173,1," 10,000 "," 10,000 ",3.941," 5,466 ",13,14,1.00,8
174,1," 10,000 "," 10,000 ",3.952," 2,366 ",5.9,5,-0.90,-18
175,1," 10,000 "," 10,000 ",3.958," 6,302 ",11,10,-1.00,-10
176,1," 10,000 "," 10,000 ",3.961," 4,019 ",8,7,-1.00,-14
177,1," 10,000 "," 10,000 ",3.975," 19,735 ",5.77,5,-0.77,-15
178,1," 10,000 "," 10,000 ",3.976," 33,148 ",8,13,5.00,39
179,1," 10,000 "," 10,000 ",3.982," 3,549 ",5.78,26,20.22,78
180,1," 10,000 "," 10,000 ",3.982," 6,818 ",8,7,-1.00,-14
181,1," 10,000 "," 10,000 ",3.985," 19,521 ",12,11,-1.00,-9
182,1," 10,000 "," 10,000 ",3.988," 1,987 ",8,9,1.00,12
183,1," 10,000 "," 10,000 ",3.995," 19,879 ",8,8,0.00,0
184,1," 10,000 "," 10,000 ",4.018," 23,465 ",5.65,25,19.35,78
185,1," 10,000 "," 10,000 ",4.025," 23,485 ",8,118,110.00,94
186,1," 10,000 "," 10,000 ",4.026," 14,284 ",11,10,-1.00,-10
187,1," 10,000 "," 10,000 ",4.033," 55,089 ",6,9,3.00,34
188,1," 10,000 "," 10,000 ",4.053," 7,356 ",8,7,-1.00,-14
189,1," 10,000 "," 10,000 ",4.054," 7,544 ",5.68,7,1.32,19
190,1," 10,000 "," 10,000 ",4.055," 5,993 ",6,7,1.00,15
191,1," 10,000 "," 10,000 ",4.066," 34,311 ",7,6,-1.00,-16
192,1," 10,000 "," 10,000 ",4.071," 27,719 ",14,75,61.00,82
193,1," 10,000 "," 10,000 ",4.074," 10,665 ",6,8,2.00,25
194,1," 10,000 "," 10,000 ",4.077," 13,399 ",8,7,-1.00,-14
195,1," 10,000 "," 10,000 ",4.079," 12,004 ",9,8,-1.00,-12
196,1," 10,000 "," 10,000 ",4.085," 6,651 ",8,22,14.00,64
197,1," 10,000 "," 10,000 ",4.088," 117,487 ",12,13,1.00,8
198,1," 10,000 "," 10,000 ",4.101," 11,264 ",7,6,-1.00,-16
199,1," 10,000 "," 10,000 ",4.105," 2,399 ",1.91,2,0.09,5
200,1," 10,000 "," 10,000 ",4.109," 19,436 ",11,10,-1.00,-10
201,1," 10,000 "," 10,000 ",4.115," 15,502 ",11,43,32.00,75
202,1," 10,000 "," 10,000 ",4.122," 9,325 ",11,12,1.00,9
203,1," 10,000 "," 10,000 ",4.123," 31,559 ",6,142,136.00,96
204,1," 10,000 "," 10,000 ",4.125," 9,938 ",7,6,-1.00,-16
205,1," 10,000 "," 10,000 ",4.145," 3,977 ",7,16,9.00,57
206,1," 10,000 "," 10,000 ",4.148," 14,502 ",13,11,-2.00,-18
207,1," 10,000 "," 10,000 ",4.149," 21,412 ",4,4,0.00,0
208,1," 10,000 "," 10,000 ",4.151," 27,055 ",5,5,0.00,0
209,1," 10,000 "," 10,000 ",4.152," 120,781 ",11,16,5.00,32
210,1," 10,000 "," 10,000 ",4.162," 8,727 ",7,9,2.00,23
211,1," 10,000 "," 10,000 ",4.181," 11,148 ",8,7,-1.00,-14
212,1," 10,000 "," 10,000 ",4.181," 2,975 ",11,11,0.00,0
213,1," 10,000 "," 10,000 ",4.183," 28,159 ",6,76,70.00,93
214,1," 10,000 "," 10,000 ",4.188," 2,359 ",6,10,4.00,40
215,1," 10,000 "," 10,000 ",4.192," 2,888 ",9,59,50.00,85
216,1," 10,000 "," 10,000 ",4.203," 22,173 ",13,84,71.00,85
217,1," 10,000 "," 10,000 ",4.209," 4,295 ",9,8,-1.00,-12
218,1," 10,000 "," 10,000 ",4.224," 16,064 ",14,12,-2.00,-16
219,1," 10,000 "," 10,000 ",4.228," 30,292 ",8,25,17.00,68
220,1," 10,000 "," 10,000 ",4.238, 783 ,1.77,2,0.23,12
221,1," 10,000 "," 10,000 ",4.241," 4,907 ",8,11,3.00,28
222,1," 10,000 "," 10,000 ",4.251," 3,309 ",18,17,-1.00,-5
223,1," 10,000 "," 10,000 ",4.259," 20,169 ",8,11,3.00,28
224,1," 10,000 "," 10,000 ",4.28," 11,596 ",6,31,25.00,81
225,1," 10,000 "," 10,000 ",4.293," 9,661 ",7,6,-1.00,-16
226,1," 10,000 "," 10,000 ",4.301," 23,719 ",13,84,71.00,85
227,1," 10,000 "," 10,000 ",4.301," 17,621 ",16,14,-2.00,-14
228,1," 10,000 "," 10,000 ",4.308," 9,981 ",13,11,-2.00,-18
229,1," 10,000 "," 10,000 ",4.311," 230,951 ",4,4,0.00,0
230,1," 10,000 "," 10,000 ",4.314," 33,675 ",6,6,0.00,0
231,1," 10,000 "," 10,000 ",4.322," 1,659 ",8,47,39.00,83
232,1," 10,000 "," 10,000 ",4.324," 2,736 ",6,6,0.00,0
233,1," 10,000 "," 10,000 ",4.343," 16,091 ",9,17,8.00,48
234,1," 10,000 "," 10,000 ",4.353," 12,881 ",17,15,-2.00,-13
235,1," 10,000 "," 10,000 ",4.356," 2,174,765 ",5.66,5,-0.66,-13
236,1," 10,000 "," 10,000 ",4.395," 85,562 ",4.66,5,0.34,7
237,1," 10,000 "," 10,000 ",4.396," 11,333 ",3.67,4,0.33,9
238,2," 10,000 "," 5,000 ",3.775," 6,876 ",8.5,8,-0.50,-4
239,2," 10,000 "," 5,000 ",3.818," 2,127 ",8.5,8,-0.50,-5
240,2," 10,000 "," 5,000 ",3.88," 20,037 ",11,10,-1.00,-10
241,2," 10,000 "," 5,000 ",4.048," 32,778 ",5,6,1.00,17
242,2," 10,000 "," 5,000 ",4.07," 5,019 ",5,8,3.00,38
243,2," 10,000 "," 5,000 ",4.082," 8,547 ",7,159,152.00,96
244,2," 10,000 "," 5,000 ",4.106," 31,916 ",13,11.5,-1.50,-12
245,2," 10,000 "," 5,000 ",4.124," 13,127 ",10,18,8.00,30
246,2," 10,000 "," 5,000 ",4.217," 8,242 ",7,26,19.00,74
247,2," 10,000 "," 5,000 ",4.286," 99,283 ",4.75,4.5,-0.25,-4
248,4," 8,000 "," 2,000 ",3.954," 73,271 ",9.75,11.25,1.50,5
249,3," 7,000 "," 2,333 ",4.062," 3,592 ",8.67,24.33,15.66,27
250,3," 7,000 "," 2,333 ",4.08," 50,864 ",6.27,14.33,8.06,43
251,3," 7,000 "," 2,333 ",4.147," 5,042 ",10.33,27,16.67,36
252,4," 6,200 "," 1,550 ",3.858," 3,053 ",5.75,5.5,-0.25,-3
253,4," 6,200 "," 1,550 ",3.968," 7,076 ",8.5,33,24.50,36
254,4," 6,020 "," 1,505 ",3.966," 27,175 ",8.95,42.75,33.80,37
255,3," 6,010 "," 2,003 ",4.254," 6,357 ",5.97,5.33,-0.64,-11
256,2," 6,000 "," 3,000 ",3.777, 779 ,12,11,-1.00,-9
257,2," 6,000 "," 3,000 ",3.871," 3,460 ",7.5,6.5,-1.00,-15
258,2," 6,000 "," 3,000 ",4.152," 5,819 ",9,8,-1.00,-12
259,2," 6,000 "," 3,000 ",4.194," 124,563 ",10,9,-1.00,-11
260,2," 6,000 "," 3,000 ",4.223," 13,884 ",3.5,3.5,0.00,0
261,2," 6,000 "," 3,000 ",4.268," 30,225 ",9.5,61,51.50,82
262,5," 5,400 "," 1,080 ",3.838," 91,631 ",2.31,10,7.69,75
263,4," 5,250 "," 1,313 ",4.074," 14,676 ",7.75,13.5,5.75,12
264,5," 5,250 "," 1,050 ",4.002," 25,222 ",6.8,32.4,25.60,68
265,3," 5,200 "," 1,733 ",3.696," 4,435 ",3,46.67,43.67,92
266,3," 5,200 "," 1,733 ",4.301," 225,438 ",8.67,8,-0.67,-7
267,2," 5,100 "," 2,550 ",3.832," 18,138 ",3.37,43.5,40.13,54
268,2," 5,100 "," 2,550 ",3.854," 2,363 ",10.98,10,-0.98,-6
269,2," 5,100 "," 2,550 ",3.955," 38,258 ",12.5,35.5,23.00,33
270,2," 5,100 "," 2,550 ",4.065," 8,117 ",17,64,47.00,36
271,2," 5,100 "," 2,550 ",4.216," 7,851 ",6,17,11.00,65
272,2," 5,100 "," 2,550 ",4.218," 5,841 ",10,9.5,-0.50,-3
273,2," 5,100 "," 2,550 ",4.236," 2,199 ",6.34,13.5,7.16,28
274,2," 5,100 "," 2,550 ",4.386," 73,595 ",11.5,128.5,117.00,91
275,1," 5,000 "," 5,000 ",3.682," 1,021 ",12,11,-1.00,-9
276,1," 5,000 "," 5,000 ",3.687," 1,686 ",7,6,-1.00,-16
277,1," 5,000 "," 5,000 ",3.795," 12,348 ",18,27,9.00,34
278,1," 5,000 "," 5,000 ",3.8," 9,678 ",8,8,0.00,0
279,1," 5,000 "," 5,000 ",3.819," 24,095 ",15,13,-2.00,-15
280,1," 5,000 "," 5,000 ",3.821," 1,029 ",9,8,-1.00,-12
281,1," 5,000 "," 5,000 ",3.843," 4,830 ",11,17,6.00,36
282,1," 5,000 "," 5,000 ",3.864," 7,631 ",8,50,42.00,84
283,1," 5,000 "," 5,000 ",3.873," 2,608 ",11,108,97.00,90
284,1," 5,000 "," 5,000 ",3.897," 3,990 ",12,16,4.00,25
285,1," 5,000 "," 5,000 ",3.904," 2,510 ",8,7,-1.00,-14
286,1," 5,000 "," 5,000 ",3.911," 4,571 ",13,17,4.00,24
287,1," 5,000 "," 5,000 ",3.923," 1,411 ",6,6,0.00,0
288,1," 5,000 "," 5,000 ",3.946," 5,365 ",8,7,-1.00,-14
289,1," 5,000 "," 5,000 ",3.946," 1,490 ",11,12,1.00,9
290,1," 5,000 "," 5,000 ",3.946," 17,244 ",13,51,38.00,75
291,1," 5,000 "," 5,000 ",3.949," 9,926 ",6,41,35.00,86
292,1," 5,000 "," 5,000 ",3.958," 5,660 ",11,10,-1.00,-10
293,1," 5,000 "," 5,000 ",3.96," 15,173 ",19,17,-2.00,-11
294,1," 5,000 "," 5,000 ",3.96," 7,874 ",14,27,13.00,49
295,1," 5,000 "," 5,000 ",3.966," 1,029 ",2,2,0.00,0
296,1," 5,000 "," 5,000 ",3.978," 1,288 ",12,17,5.00,30
297,1," 5,000 "," 5,000 ",3.981," 56,745 ",13,11,-2.00,-18
298,1," 5,000 "," 5,000 ",3.981," 1,821 ",9,8,-1.00,-12
299,1," 5,000 "," 5,000 ",3.986," 3,915 ",9,8,-1.00,-12
300,1," 5,000 "," 5,000 ",3.995," 7,889 ",9,50,41.00,82
301,1," 5,000 "," 5,000 ",4.002," 12,574 ",8,7,-1.00,-14
302,1," 5,000 "," 5,000 ",4.015," 1,181 ",9,19,10.00,53
303,1," 5,000 "," 5,000 ",4.018, 571 ,12,13,1.00,8
304,1," 5,000 "," 5,000 ",4.022," 35,751 ",11,88,77.00,88
305,1," 5,000 "," 5,000 ",4.025," 12,033 ",7,6,-1.00,-16
306,1," 5,000 "," 5,000 ",4.029," 5,995 ",5,5,0.00,0
307,1," 5,000 "," 5,000 ",4.04," 32,323 ",15,13,-2.00,-15
308,1," 5,000 "," 5,000 ",4.041," 15,436 ",6,6,0.00,0
309,1," 5,000 "," 5,000 ",4.041," 14,194 ",8,7,-1.00,-14
310,1," 5,000 "," 5,000 ",4.045," 12,933 ",9,8,-1.00,-12
311,1," 5,000 "," 5,000 ",4.046," 2,700 ",8,17,9.00,53
312,1," 5,000 "," 5,000 ",4.048," 24,771 ",9,8,-1.00,-12
313,1," 5,000 "," 5,000 ",4.053," 15,855 ",18,27,9.00,34
314,1," 5,000 "," 5,000 ",4.054," 39,395 ",8,7,-1.00,-14
315,1," 5,000 "," 5,000 ",4.054," 13,879 ",11,11,0.00,0
316,1," 5,000 "," 5,000 ",4.057," 4,335 ",9,8,-1.00,-12
317,1," 5,000 "," 5,000 ",4.058," 2,359 ",9,13,4.00,31
318,1," 5,000 "," 5,000 ",4.064," 20,824 ",8,65,57.00,88
319,1," 5,000 "," 5,000 ",4.069," 1,998 ",6,29,23.00,80
320,1," 5,000 "," 5,000 ",4.071," 253,249 ",3.67,9,5.33,60
321,1," 5,000 "," 5,000 ",4.081," 8,500 ",11,10,-1.00,-10
322,1," 5,000 "," 5,000 ",4.089," 5,534 ",5.65,9,3.35,38
323,1," 5,000 "," 5,000 ",4.091," 14,275 ",9,8,-1.00,-12
324,1," 5,000 "," 5,000 ",4.093," 9,116 ",19,21,2.00,10
325,1," 5,000 "," 5,000 ",4.1, 591 ,2,7,5.00,72
326,1," 5,000 "," 5,000 ",4.11," 4,220 ",14,26,12.00,47
327,1," 5,000 "," 5,000 ",4.121," 11,883 ",5,5,0.00,0
328,1," 5,000 "," 5,000 ",4.131," 4,921 ",8,7,-1.00,-14
329,1," 5,000 "," 5,000 ",4.135," 33,705 ",7,9,2.00,23
330,1," 5,000 "," 5,000 ",4.138," 9,465 ",5.69,17,11.31,67
331,1," 5,000 "," 5,000 ",4.146," 2,293 ",3.73,9,5.27,59
332,1," 5,000 "," 5,000 ",4.156," 13,308 ",6,17,11.00,65
333,1," 5,000 "," 5,000 ",4.158," 6,476 ",6,38,32.00,85
334,1," 5,000 "," 5,000 ",4.171, 602 ,11,38,27.00,72
335,1," 5,000 "," 5,000 ",4.176," 8,166 ",8,7,-1.00,-14
336,1," 5,000 "," 5,000 ",4.177," 9,486 ",6,6,0.00,0
337,1," 5,000 "," 5,000 ",4.178," 4,373 ",8,7,-1.00,-14
338,1," 5,000 "," 5,000 ",4.193," 4,632 ",8,58,50.00,87
339,1," 5,000 "," 5,000 ",4.193," 11,680 ",7,25,18.00,72
340,1," 5,000 "," 5,000 ",4.2," 3,532 ",8,122,114.00,94
341,1," 5,000 "," 5,000 ",4.216," 41,906 ",8,27,19.00,71
342,1," 5,000 "," 5,000 ",4.226," 13,075 ",14,68,54.00,80
343,1," 5,000 "," 5,000 ",4.228," 2,114 ",5.69,5,-0.69,-13
344,1," 5,000 "," 5,000 ",4.23," 8,740 ",5,5,0.00,0
345,1," 5,000 "," 5,000 ",4.231," 228,676 ",16,34,18.00,53
346,1," 5,000 "," 5,000 ",4.232," 5,985 ",14,89,75.00,85
347,1," 5,000 "," 5,000 ",4.237," 24,306 ",13,68,55.00,81
348,1," 5,000 "," 5,000 ",4.25," 4,809 ",7,22,15.00,69
349,1," 5,000 "," 5,000 ",4.251," 2,380 ",8,7,-1.00,-14
350,1," 5,000 "," 5,000 ",4.252," 92,654 ",5.65,5,-0.65,-13
351,1," 5,000 "," 5,000 ",4.253," 4,610 ",11,10,-1.00,-10
352,1," 5,000 "," 5,000 ",4.257," 23,609 ",11,10,-1.00,-10
353,1," 5,000 "," 5,000 ",4.261," 32,386 ",14,84,70.00,84
354,1," 5,000 "," 5,000 ",4.267," 12,083 ",16,56,40.00,72
355,1," 5,000 "," 5,000 ",4.279," 3,209 ",8,7,-1.00,-14
356,1," 5,000 "," 5,000 ",4.297," 13,510 ",5,5,0.00,0
357,1," 5,000 "," 5,000 ",4.299," 68,339 ",8,7,-1.00,-14
358,1," 5,000 "," 5,000 ",4.304," 4,191 ",3,17,14.00,83
359,1," 5,000 "," 5,000 ",4.306," 223,392 ",2.66,3,0.34,12
360,1," 5,000 "," 5,000 ",4.316," 92,005 ",8,7,-1.00,-14
361,1," 5,000 "," 5,000 ",4.397," 1,963 ",8,17,9.00,53
362,1," 5,000 "," 5,000 ",4.398," 12,666 ",4,26,22.00,85
363,1," 5,000 "," 5,000 ",4.465," 47,476 ",11,26,15.00,58
364,1," 5,000 "," 5,000 ",4.471," 19,184 ",15,13,-2.00,-15
365,4," 4,000 "," 1,000 ",4.057," 47,356 ",13,11.25,-1.75,-15
366,5," 3,200 ", 640 ,4.033," 5,264 ",9.2,11,1.80,17
367,4," 3,100 ", 775 ,4.195," 4,811 ",11.5,22.75,11.25,14
368,3," 3,000 "," 1,000 ",3.96, 703 ,8.62,63,54.38,86
369,6," 2,400 ", 400 ,3.959," 5,654 ",3.12,3.33,0.21,9
370,5," 2,300 ", 460 ,3.79," 105,015 ",6.83,6.6,-0.23,1
371,5," 2,300 ", 460 ,3.943, 247 ,7.53,6.8,-0.73,-7
372,5," 2,250 ", 450 ,3.797," 3,762 ",6.03,7,0.97,21
373,4," 2,200 ", 550 ,3.957," 9,470 ",6.37,5.5,-0.87,-15
374,4," 2,200 ", 550 ,4.003," 2,044 ",5.89,21.5,15.61,60
375,3," 2,100 ", 700 ,3.953," 7,858 ",6.55,14.67,8.12,43
376,3," 2,100 ", 700 ,3.965," 7,936 ",6,5.67,-0.33,-3
377,3," 2,100 ", 700 ,4.024," 3,300 ",7.67,25.33,17.66,40
378,3," 2,100 ", 700 ,4.064," 38,985 ",9.67,48,38.33,65
379,3," 2,100 ", 700 ,4.117," 31,138 ",3.53,6.67,3.14,48
380,3," 2,100 ", 700 ,4.15," 2,248 ",9.67,9,-0.67,-6
381,3," 2,100 ", 700 ,4.232," 4,516 ",9.33,20.33,11.00,52
382,2," 2,000 "," 1,000 ",3.476, 942 ,8,7,-1.00,-14
383,2," 2,000 "," 1,000 ",3.677, 232 ,6,10,4.00,40
384,2," 2,000 "," 1,000 ",3.81," 28,295 ",6.9,20,13.10,56
385,2," 2,000 "," 1,000 ",3.862," 25,914 ",6,47,41.00,88
386,2," 2,000 "," 1,000 ",3.871," 13,979 ",5.5,19,13.50,67
387,2," 2,000 "," 1,000 ",3.895," 25,631 ",5.85,13,7.15,55
388,2," 2,000 "," 1,000 ",3.908," 87,178 ",11,152,141.00,93
389,2," 2,000 "," 1,000 ",3.91," 20,478 ",12,17,5.00,30
390,2," 2,000 "," 1,000 ",3.949," 36,913 ",7.5,11,3.50,30
391,2," 2,000 "," 1,000 ",3.965," 3,373 ",9,65,56.00,87
392,2," 2,000 "," 1,000 ",3.965," 1,322 ",8,7,-1.00,-14
393,2," 2,000 "," 1,000 ",4.012," 1,290 ",7,50,43.00,86
394,2," 2,000 "," 1,000 ",4.013," 9,341 ",7,6,-1.00,-16
395,2," 2,000 "," 1,000 ",4.039," 16,523 ",11,33.5,22.50,33
396,2," 2,000 "," 1,000 ",4.057," 6,715 ",10,33.5,23.50,35
397,2," 2,000 "," 1,000 ",4.06," 7,034 ",9.33,8.5,-0.83,-6
398,2," 2,000 "," 1,000 ",4.097," 2,076 ",8,7,-1.00,-14
399,2," 2,000 "," 1,000 ",4.109, 612 ,8,7,-1.00,-14
400,2," 2,000 "," 1,000 ",4.151," 11,900 ",14,75.5,61.50,82
401,2," 2,000 "," 1,000 ",4.173," 10,377 ",5.84,11,5.16,47
402,2," 2,000 "," 1,000 ",4.182," 3,161 ",5.87,36,30.13,73
403,2," 2,000 "," 1,000 ",4.184," 6,775 ",15,68,53.00,78
404,2," 2,000 "," 1,000 ",4.288," 3,883 ",5,5,0.00,0
405,2," 2,000 "," 1,000 ",4.325," 2,792 ",5,5,0.00,0
406,2," 2,000 "," 1,000 ",4.331," 4,508 ",12,22,10.00,46
407,2," 2,000 "," 1,000 ",4.382," 13,625 ",7,30,23.00,77
408,2," 2,000 "," 1,000 ",4.391," 6,187 ",5.87,11,5.13,47
409,4," 1,300 ", 325 ,3.729, 288 ,10.25,9,-1.25,-13
410,4," 1,300 ", 325 ,3.852," 8,989 ",8.5,7.5,-1.00,-13
411,4," 1,300 ", 325 ,3.953," 17,471 ",7.37,6.5,-0.87,-14
412,4," 1,300 ", 325 ,4.024," 12,919 ",7,6.25,-0.75,-7
413,3," 1,200 ", 400 ,3.895," 26,473 ",8.54,24,15.46,49
414,3," 1,200 ", 400 ,3.917," 33,855 ",9.26,34,24.74,53
415,3," 1,200 ", 400 ,4.033," 45,151 ",12.67,11,-1.67,-15
416,3," 1,200 ", 400 ,4.048," 7,627 ",11.22,11,-0.22,2
417,3," 1,200 ", 400 ,4.106," 7,363 ",8,9.33,1.33,16
418,3," 1,200 ", 400 ,4.218, 514 ,16,14,-2.00,-14
419,3," 1,200 ", 400 ,4.235," 26,833 ",13,93.33,80.33,87
420,3," 1,200 ", 400 ,4.277, 794 ,9.67,8.67,-1.00,-12
421,3," 1,150 ", 383 ,4.039," 7,676 ",9.28,13.33,4.05,35
422,3," 1,150 ", 383 ,4.11," 9,395 ",6.67,26.33,19.66,76
423,2," 1,100 ", 550 ,3.736," 1,452 ",11.5,10.5,-1.00,-9
424,2," 1,100 ", 550 ,3.838," 2,055 ",7.5,6.5,-1.00,-15
425,2," 1,100 ", 550 ,3.867," 12,134 ",6.46,5.5,-0.96,-17
426,2," 1,100 ", 550 ,3.871," 5,175 ",9.5,8.5,-1.00,-12
427,2," 1,100 ", 550 ,3.992, 484 ,1.77,5.5,3.73,46
428,2," 1,100 ", 550 ,4.007," 1,373 ",1.8,25.5,23.70,94
429,2," 1,100 ", 550 ,4.025," 47,981 ",8,29.5,21.50,67
430,2," 1,100 ", 550 ,4.039," 1,559 ",5.35,5,-0.35,-4
431,2," 1,100 ", 550 ,4.054," 9,857 ",5.33,5,-0.33,-6
432,2," 1,100 ", 550 ,4.094," 11,401 ",7,28.5,21.50,40
433,2," 1,100 ", 550 ,4.189," 2,707 ",4.43,4.5,0.07,2
434,2," 1,100 ", 550 ,4.234," 15,551 ",14,95.5,81.50,86
435,2," 1,100 ", 550 ,4.253," 104,269 ",11.5,87.5,76.00,88
436,2," 1,050 ", 525 ,4.003," 4,773 ",8.5,59,50.50,85
437,1," 1,000 "," 1,000 ",3.583," 3,809 ",5,22,17.00,78
438,1," 1,000 "," 1,000 ",3.59," 82,219 ",9,9,0.00,0
439,1," 1,000 "," 1,000 ",3.626, 265 ,3.87,4,0.13,4
440,1," 1,000 "," 1,000 ",3.681, 342 ,12,11,-1.00,-9
441,1," 1,000 "," 1,000 ",3.683, 104 ,11,75,64.00,86
442,1," 1,000 "," 1,000 ",3.703, 626 ,11,83,72.00,87
443,1," 1,000 "," 1,000 ",3.741," 42,514 ",8,18,10.00,56
444,1," 1,000 "," 1,000 ",3.749," 6,632 ",9,48,39.00,82
445,1," 1,000 "," 1,000 ",3.761," 18,762 ",19,17,-2.00,-11
446,1," 1,000 "," 1,000 ",3.766, 667 ,11,11,0.00,0
447,1," 1,000 "," 1,000 ",3.766, 821 ,8,7,-1.00,-14
448,1," 1,000 "," 1,000 ",3.768," 2,078 ",11,22,11.00,50
449,1," 1,000 "," 1,000 ",3.79," 21,842 ",4.86,8,3.14,40
450,1," 1,000 "," 1,000 ",3.794, 383 ,6,30,24.00,80
451,1," 1,000 "," 1,000 ",3.811," 1,685 ",7,6,-1.00,-16
452,1," 1,000 "," 1,000 ",3.817," 8,362 ",11,11,0.00,0
453,1," 1,000 "," 1,000 ",3.82," 4,924 ",12,11,-1.00,-9
454,1," 1,000 "," 1,000 ",3.829, 738 ,8,7,-1.00,-14
455,1," 1,000 "," 1,000 ",3.842," 1,733 ",11,10,-1.00,-10
456,1," 1,000 "," 1,000 ",3.845, 670 ,6,6,0.00,0
457,1," 1,000 "," 1,000 ",3.855," 15,812 ",6,22,16.00,73
458,1," 1,000 "," 1,000 ",3.855," 15,407 ",12,85,73.00,86
459,1," 1,000 "," 1,000 ",3.857," 13,814 ",9,8,-1.00,-12
460,1," 1,000 "," 1,000 ",3.858," 8,197 ",1,11,10.00,91
461,1," 1,000 "," 1,000 ",3.861," 2,397 ",12,11,-1.00,-9
462,1," 1,000 "," 1,000 ",3.864," 3,727 ",12,11,-1.00,-9
463,1," 1,000 "," 1,000 ",3.876," 8,433 ",8,42,34.00,81
464,1," 1,000 "," 1,000 ",3.877," 13,309 ",6,56,50.00,90
465,1," 1,000 "," 1,000 ",3.878," 16,085 ",11,159,148.00,94
466,1," 1,000 "," 1,000 ",3.883," 2,072 ",3.9,5,1.10,22
467,1," 1,000 "," 1,000 ",3.885," 21,012 ",8,9,1.00,12
468,1," 1,000 "," 1,000 ",3.892, 870 ,12,11,-1.00,-9
469,1," 1,000 "," 1,000 ",3.893, 466 ,8,7,-1.00,-14
470,1," 1,000 "," 1,000 ",3.894," 11,354 ",15,13,-2.00,-15
471,1," 1,000 "," 1,000 ",3.894," 28,694 ",9,9,0.00,0
472,1," 1,000 "," 1,000 ",3.895," 3,668 ",11,10,-1.00,-10
473,1," 1,000 "," 1,000 ",3.896," 1,403 ",11,10,-1.00,-10
474,1," 1,000 "," 1,000 ",3.896, 433 ,11,10,-1.00,-10
475,1," 1,000 "," 1,000 ",3.897," 3,743 ",16,59,43.00,73
476,1," 1,000 "," 1,000 ",3.9," 4,072 ",8,25,17.00,68
477,1," 1,000 "," 1,000 ",3.901, 892 ,8,17,9.00,53
478,1," 1,000 "," 1,000 ",3.905," 10,320 ",5,5,0.00,0
479,1," 1,000 "," 1,000 ",3.907," 1,722 ",9,8,-1.00,-12
480,1," 1,000 "," 1,000 ",3.91," 3,119 ",2,56,54.00,97
481,1," 1,000 "," 1,000 ",3.912," 4,136 ",8,72,64.00,89
482,1," 1,000 "," 1,000 ",3.931, 331 ,7,6,-1.00,-16
483,1," 1,000 "," 1,000 ",3.932, 543 ,11,10,-1.00,-10
484,1," 1,000 "," 1,000 ",3.936," 17,738 ",6,6,0.00,0
485,1," 1,000 "," 1,000 ",3.939, 905 ,8,34,26.00,77
486,1," 1,000 "," 1,000 ",3.94," 16,527 ",9,9,0.00,0
487,1," 1,000 "," 1,000 ",3.942, 171 ,13,19,6.00,32
488,1," 1,000 "," 1,000 ",3.942, 365 ,1.68,2,0.32,16
489,1," 1,000 "," 1,000 ",3.949," 1,335 ",15,25,10.00,40
490,1," 1,000 "," 1,000 ",3.95," 2,685 ",6,7,1.00,15
491,1," 1,000 "," 1,000 ",3.951," 14,780 ",8,252,244.00,97
492,1," 1,000 "," 1,000 ",3.959, 193 ,2.69,3,0.31,11
493,1," 1,000 "," 1,000 ",3.96," 40,457 ",14,12,-2.00,-16
494,1," 1,000 "," 1,000 ",3.965," 16,757 ",7,6,-1.00,-16
495,1," 1,000 "," 1,000 ",3.967," 12,763 ",7,50,43.00,86
496,1," 1,000 "," 1,000 ",3.97," 6,457 ",6,23,17.00,74
497,1," 1,000 "," 1,000 ",3.973," 1,653 ",8,7,-1.00,-14
498,1," 1,000 "," 1,000 ",3.979," 3,670 ",13,11,-2.00,-18
499,1," 1,000 "," 1,000 ",3.979," 18,831 ",12,11,-1.00,-9
500,1," 1,000 "," 1,000 ",3.982," 33,303 ",11,21,10.00,48
501,1," 1,000 "," 1,000 ",3.983," 1,012 ",3.81,4,0.19,5
502,1," 1,000 "," 1,000 ",3.984," 5,807 ",8,17,9.00,53
503,1," 1,000 "," 1,000 ",3.985," 6,731 ",7,43,36.00,84
504,1," 1,000 "," 1,000 ",3.989," 5,422 ",8,49,41.00,84
505,1," 1,000 "," 1,000 ",3.993," 9,308 ",5.86,5,-0.86,-17
506,1," 1,000 "," 1,000 ",3.995," 8,484 ",5,8,3.00,38
507,1," 1,000 "," 1,000 ",4.004," 73,119 ",11,10,-1.00,-10
508,1," 1,000 "," 1,000 ",4.006," 5,226 ",8,8,0.00,0
509,1," 1,000 "," 1,000 ",4.007," 10,264 ",14,12,-2.00,-16
510,1," 1,000 "," 1,000 ",4.008, 639 ,12,31,19.00,62
511,1," 1,000 "," 1,000 ",4.014," 4,622 ",14,51,37.00,73
512,1," 1,000 "," 1,000 ",4.014," 21,226 ",8,7,-1.00,-14
513,1," 1,000 "," 1,000 ",4.015," 9,002 ",11,11,0.00,0
514,1," 1,000 "," 1,000 ",4.017," 4,233 ",6,22,16.00,73
515,1," 1,000 "," 1,000 ",4.019," 1,281 ",2.8,3,0.20,7
516,1," 1,000 "," 1,000 ",4.028," 6,246 ",5.67,6,0.33,6
517,1," 1,000 "," 1,000 ",4.031," 2,464 ",6,140,134.00,96
518,1," 1,000 "," 1,000 ",4.036," 1,055 ",2,2,0.00,0
519,1," 1,000 "," 1,000 ",4.041," 4,230 ",1.8,2,0.20,10
520,1," 1,000 "," 1,000 ",4.044," 11,078 ",5,5,0.00,0
521,1," 1,000 "," 1,000 ",4.045," 10,436 ",5,5,0.00,0
522,1," 1,000 "," 1,000 ",4.047," 1,990 ",12,11,-1.00,-9
523,1," 1,000 "," 1,000 ",4.055, 550 ,5.65,5,-0.65,-13
524,1," 1,000 "," 1,000 ",4.057," 3,950 ",8,7,-1.00,-14
525,1," 1,000 "," 1,000 ",4.058," 45,372 ",4.68,25,20.32,82
526,1," 1,000 "," 1,000 ",4.061," 1,369 ",7,6,-1.00,-16
527,1," 1,000 "," 1,000 ",4.064," 2,377 ",11,10,-1.00,-10
528,1," 1,000 "," 1,000 ",4.064," 4,048 ",13,13,0.00,0
529,1," 1,000 "," 1,000 ",4.065," 4,434 ",8,7,-1.00,-14
530,1," 1,000 "," 1,000 ",4.066," 44,837 ",5.65,6,0.35,6
531,1," 1,000 "," 1,000 ",4.072," 1,663 ",5.82,58,52.18,90
532,1," 1,000 "," 1,000 ",4.072," 6,623 ",8,7,-1.00,-14
533,1," 1,000 "," 1,000 ",4.075, 161 ,5.69,10,4.31,44
534,1," 1,000 "," 1,000 ",4.078," 6,300 ",11,10,-1.00,-10
535,1," 1,000 "," 1,000 ",4.079," 9,651 ",3.71,6,2.29,39
536,1," 1,000 "," 1,000 ",4.08," 72,885 ",3,5,2.00,40
537,1," 1,000 "," 1,000 ",4.08," 2,867 ",8,30,22.00,74
538,1," 1,000 "," 1,000 ",4.086," 9,136 ",13,50,37.00,74
539,1," 1,000 "," 1,000 ",4.09," 1,761 ",8,8,0.00,0
540,1," 1,000 "," 1,000 ",4.092," 2,505 ",6,9,3.00,34
541,1," 1,000 "," 1,000 ",4.095," 15,948 ",5,5,0.00,0
542,1," 1,000 "," 1,000 ",4.098, 541 ,22,159,137.00,87
543,1," 1,000 "," 1,000 ",4.101," 6,256 ",13,43,30.00,70
544,1," 1,000 "," 1,000 ",4.11," 3,804 ",3.76,4,0.24,6
545,1," 1,000 "," 1,000 ",4.115," 28,101 ",8,7,-1.00,-14
546,1," 1,000 "," 1,000 ",4.12, 543 ,2,6,4.00,67
547,1," 1,000 "," 1,000 ",4.124, 557 ,1.91,6,4.09,69
548,1," 1,000 "," 1,000 ",4.126," 2,745 ",8,7,-1.00,-14
549,1," 1,000 "," 1,000 ",4.127," 3,117 ",3.87,4,0.13,4
550,1," 1,000 "," 1,000 ",4.132," 6,364 ",11,10,-1.00,-10
551,1," 1,000 "," 1,000 ",4.136," 5,880 ",11,17,6.00,36
552,1," 1,000 "," 1,000 ",4.137," 7,348 ",8,7,-1.00,-14
553,1," 1,000 "," 1,000 ",4.141," 6,460 ",11,84,73.00,87
554,1," 1,000 "," 1,000 ",4.142," 19,760 ",8,51,43.00,85
555,1," 1,000 "," 1,000 ",4.143," 14,442 ",9,57,48.00,85
556,1," 1,000 "," 1,000 ",4.146," 2,116 ",18,16,-2.00,-12
557,1," 1,000 "," 1,000 ",4.147," 9,341 ",22,169,147.00,87
558,1," 1,000 "," 1,000 ",4.149, 114 ,13,33,20.00,61
559,1," 1,000 "," 1,000 ",4.149," 6,343 ",11,76,65.00,86
560,1," 1,000 "," 1,000 ",4.153," 30,643 ",7,9,2.00,23
561,1," 1,000 "," 1,000 ",4.155," 5,914 ",6,6,0.00,0
562,1," 1,000 "," 1,000 ",4.158," 2,610 ",5,5,0.00,0
563,1," 1,000 "," 1,000 ",4.16," 5,048 ",19,26,7.00,27
564,1," 1,000 "," 1,000 ",4.16," 29,044 ",15,101,86.00,86
565,1," 1,000 "," 1,000 ",4.161," 1,837 ",12,17,5.00,30
566,1," 1,000 "," 1,000 ",4.165," 32,715 ",11,10,-1.00,-10
567,1," 1,000 "," 1,000 ",4.166," 8,043 ",9,31,22.00,71
568,1," 1,000 "," 1,000 ",4.171," 3,218 ",6,8,2.00,25
569,1," 1,000 "," 1,000 ",4.174," 17,856 ",14,102,88.00,87
570,1," 1,000 "," 1,000 ",4.179," 37,375 ",2.72,17,14.28,85
571,1," 1,000 "," 1,000 ",4.181," 4,778 ",17,75,58.00,78
572,1," 1,000 "," 1,000 ",4.181, 816 ,8,7,-1.00,-14
573,1," 1,000 "," 1,000 ",4.191," 9,034 ",8,22,14.00,64
574,1," 1,000 "," 1,000 ",4.193," 14,974 ",8,9,1.00,12
575,1," 1,000 "," 1,000 ",4.198," 2,510 ",6,6,0.00,0
576,1," 1,000 "," 1,000 ",4.204, 941 ,7,6,-1.00,-16
577,1," 1,000 "," 1,000 ",4.209," 2,212 ",8,30,22.00,74
578,1," 1,000 "," 1,000 ",4.21, 706 ,5.75,25,19.25,77
579,1," 1,000 "," 1,000 ",4.212," 2,495 ",12,102,90.00,89
580,1," 1,000 "," 1,000 ",4.213," 47,639 ",11,24,13.00,55
581,1," 1,000 "," 1,000 ",4.215," 11,597 ",11,68,57.00,84
582,1," 1,000 "," 1,000 ",4.217," 8,352 ",8,7,-1.00,-14
583,1," 1,000 "," 1,000 ",4.22," 6,570 ",5.77,16,10.23,64
584,1," 1,000 "," 1,000 ",4.223," 1,178 ",14,12,-2.00,-16
585,1," 1,000 "," 1,000 ",4.229," 3,533 ",15,13,-2.00,-15
586,1," 1,000 "," 1,000 ",4.229," 4,298 ",9,9,0.00,0
587,1," 1,000 "," 1,000 ",4.238," 12,322 ",16,26,10.00,39
588,1," 1,000 "," 1,000 ",4.241," 15,540 ",12,93,81.00,88
589,1," 1,000 "," 1,000 ",4.243," 3,709 ",5.71,13,7.29,57
590,1," 1,000 "," 1,000 ",4.246," 8,404 ",9,84,75.00,90
591,1," 1,000 "," 1,000 ",4.254," 1,038 ",15,13,-2.00,-15
592,1," 1,000 "," 1,000 ",4.254," 6,033 ",16,14,-2.00,-14
593,1," 1,000 "," 1,000 ",4.257," 25,752 ",8,7,-1.00,-14
594,1," 1,000 "," 1,000 ",4.26," 2,992 ",8,11,3.00,28
595,1," 1,000 "," 1,000 ",4.261," 14,298 ",8,7,-1.00,-14
596,1," 1,000 "," 1,000 ",4.264, 904 ,5.86,11,5.14,47
597,1," 1,000 "," 1,000 ",4.265," 62,240 ",14,86,72.00,84
598,1," 1,000 "," 1,000 ",4.279," 3,396 ",5.73,5,-0.73,-14
599,1," 1,000 "," 1,000 ",4.279," 6,383 ",11,14,3.00,22
600,1," 1,000 "," 1,000 ",4.296," 99,800 ",14,12,-2.00,-16
601,1," 1,000 "," 1,000 ",4.298, 794 ,9,8,-1.00,-12
602,1," 1,000 "," 1,000 ",4.306, 173 ,8,11,3.00,28
603,1," 1,000 "," 1,000 ",4.308," 4,084 ",24,59,35.00,60
604,1," 1,000 "," 1,000 ",4.316," 2,946 ",7,49,42.00,86
605,1," 1,000 "," 1,000 ",4.319, 791 ,3.84,4,0.16,4
606,1," 1,000 "," 1,000 ",4.324," 10,963 ",7,6,-1.00,-16
607,1," 1,000 "," 1,000 ",4.332," 4,425 ",7,6,-1.00,-16
608,1," 1,000 "," 1,000 ",4.334, 895 ,11,85,74.00,88
609,1," 1,000 "," 1,000 ",4.337," 3,403 ",8,48,40.00,84
610,1," 1,000 "," 1,000 ",4.337," 44,840 ",12,72,60.00,84
611,1," 1,000 "," 1,000 ",4.349," 2,996 ",6,6,0.00,0
612,1," 1,000 "," 1,000 ",4.35," 32,318 ",3.72,11,7.28,67
613,1," 1,000 "," 1,000 ",4.352," 1,428 ",6,6,0.00,0
614,1," 1,000 "," 1,000 ",4.357," 13,909 ",5,5,0.00,0
615,1," 1,000 "," 1,000 ",4.38," 27,740 ",9,38,29.00,77
616,1," 1,000 "," 1,000 ",4.38," 17,922 ",11,10,-1.00,-10
617,1," 1,000 "," 1,000 ",4.383," 6,275 ",8,38,30.00,79
618,1," 1,000 "," 1,000 ",4.393," 15,221 ",1.66,2,0.34,17
619,1," 1,000 "," 1,000 ",4.417," 3,439 ",6,22,16.00,73
620,1," 1,000 "," 1,000 ",4.42," 1,370 ",13,72,59.00,82
621,1," 1,000 "," 1,000 ",4.423," 2,904 ",5,5,0.00,0
622,5, 500 , 100 ,3.956," 1,047 ",3.81,3.6,-0.21,3
623,6, 500 , 83 ,4.069," 2,782 ",6.14,7.33,1.19,22
624,4, 400 , 100 ,3.802, 111 ,7.5,10,2.50,30
625,4, 400 , 100 ,3.975, 366 ,7,6.5,-0.50,-4
626,4, 400 , 100 ,4.144," 1,160 ",9,31.5,22.50,64
627,5, 350 , 70 ,3.874, 127 ,7.2,8.4,1.20,12
628,3, 300 , 100 ,3.625, 112 ,6,6,0.00,0
629,3, 300 , 100 ,3.732, 168 ,11,10,-1.00,-10
630,3, 300 , 100 ,3.884," 1,050 ",3,3,0.00,0
631,3, 300 , 100 ,3.988," 4,080 ",9.67,25.33,15.66,62
632,3, 300 , 100 ,4.041," 4,705 ",6,6,0.00,0
633,3, 300 , 100 ,4.049," 9,940 ",13.67,101,87.33,85
634,3, 300 , 100 ,4.155, 483 ,7,6,-1.00,-16
635,3, 300 , 100 ,4.156, 885 ,9.24,8.33,-0.91,-11
636,3, 300 , 100 ,4.168," 4,856 ",3.33,8.33,5.00,57
637,4, 300 , 75 ,3.791, 129 ,8,8.5,0.50,3
638,4, 300 , 75 ,4.036, 28 ,4.5,4.5,0.00,0
639,3, 250 , 83 ,3.545, 211 ,8,7,-1.00,-14
640,2, 200 , 100 ,3.186, 43 ,8,26,18.00,70
641,2, 200 , 100 ,3.188, 32 ,7,26,19.00,74
642,2, 200 , 100 ,3.382, 364 ,11,10,-1.00,-10
643,2, 200 , 100 ,3.409, 359 ,3.7,47,43.30,93
644,2, 200 , 100 ,3.535," 1,472 ",9,34,25.00,74
645,2, 200 , 100 ,3.581, 31 ,8,11,3.00,28
646,2, 200 , 100 ,3.659, 138 ,8,26,18.00,70
647,2, 200 , 100 ,3.667, 18 ,11,16,5.00,32
648,2, 200 , 100 ,3.708," 1,279 ",11,17,6.00,36
649,2, 200 , 100 ,3.766, 231 ,8,59,51.00,87
650,2, 200 , 100 ,3.774, 31 ,13,11,-2.00,-18
651,2, 200 , 100 ,3.786, 117 ,8,10,2.00,20
652,2, 200 , 100 ,3.833," 5,846 ",8,51,43.00,85
653,2, 200 , 100 ,3.84," 16,215 ",5,30,25.00,84
654,2, 200 , 100 ,3.855, 131 ,17,108,91.00,85
655,2, 200 , 100 ,3.855, 435 ,11,84,73.00,87
656,2, 200 , 100 ,3.878," 9,078 ",10,64,54.00,85
657,2, 200 , 100 ,3.883, 239 ,8,65,57.00,88
658,2, 200 , 100 ,3.894, 104 ,9,8,-1.00,-12
659,2, 200 , 100 ,3.916," 8,996 ",5.77,5,-0.77,-15
660,2, 200 , 100 ,3.935," 3,060 ",7,6,-1.00,-16
661,2, 200 , 100 ,3.948," 3,237 ",10.5,46.5,36.00,78
662,2, 200 , 100 ,3.951," 16,099 ",6.92,13.5,6.58,32
663,2, 200 , 100 ,3.968," 16,487 ",11,10,-1.00,-10
664,2, 200 , 100 ,3.971," 9,703 ",9,8,-1.00,-13
665,2, 200 , 100 ,3.984," 3,515 ",6,8,2.00,25
666,2, 200 , 100 ,3.991," 8,225 ",2,10,8.00,80
667,2, 200 , 100 ,4.03," 2,166 ",15,13,-2.00,-15
668,2, 200 , 100 ,4.035," 26,951 ",2,2,0.00,0
669,2, 200 , 100 ,4.041, 123 ,8,10,2.00,20
670,2, 200 , 100 ,4.048, 21 ,13,11,-2.00,-18
671,2, 200 , 100 ,4.069, 189 ,3.94,8,4.06,51
672,2, 200 , 100 ,4.072," 1,926 ",11,134,123.00,92
673,2, 200 , 100 ,4.078," 22,615 ",4,4,0.00,0
674,2, 200 , 100 ,4.079," 7,497 ",4.67,4,-0.67,-16
675,2, 200 , 100 ,4.09," 43,876 ",5,48,43.00,90
676,2, 200 , 100 ,4.115, 576 ,2.71,3,0.29,10
677,2, 200 , 100 ,4.148," 3,588 ",16,14,-2.00,-14
678,2, 200 , 100 ,4.175," 3,120 ",11,20,9.00,45
679,2, 200 , 100 ,4.185," 14,291 ",12.5,92.5,80.00,86
680,2, 200 , 100 ,4.216," 139,607 ",7,6,-1.00,-16
681,2, 200 , 100 ,4.221, 620 ,2,2,0.00,0
682,2, 200 , 100 ,4.225," 9,357 ",5,127,122.00,97
683,2, 200 , 100 ,4.231, 360 ,9.5,8.5,-1.00,-12
684,2, 200 , 100 ,4.258," 4,595 ",2.8,3,0.20,7
685,2, 200 , 100 ,4.277," 5,070 ",11,10,-1.00,-10
686,2, 200 , 100 ,4.291," 38,100 ",3,3,0.00,0
687,2, 200 , 100 ,4.318," 6,126 ",8,7,-1.00,-14
688,2, 200 , 100 ,4.333, 6 ,4.81,5,0.19,4
689,2, 200 , 100 ,4.361," 7,197 ",11,47,36.00,77
690,2, 200 , 100 ,4.368, 619 ,8,7,-1.00,-14
691,2, 200 , 100 ,4.39, 889 ,8,7,-1.00,-14
692,2, 200 , 100 ,4.429," 3,276 ",13,15,2.00,14
693,2, 200 , 100 ,4.484," 5,768 ",8,7,-1.00,-14
694,2, 200 , 100 ,4.5, 6 ,12,11,-1.00,-9
695,3, 150 , 50 ,3.733, 30 ,2.89,7,4.11,59
696,3, 150 , 50 ,3.737, 334 ,8,7,-1.00,-14
697,3, 150 , 50 ,3.825, 57 ,4.83,51,46.17,91
698,3, 150 , 50 ,4.059," 1,374 ",6,7,1.00,15
699,3, 150 , 50 ,4.353, 34 ,7,6,-1.00,-16
700,2, 150 , 75 ,3.892, 268 ,3.83,3.5,-0.33,-8
701,2, 150 , 75 ,3.943," 7,248 ",1.93,8.5,6.57,78
702,2, 150 , 75 ,4.185, 54 ,11.5,88.5,77.00,88
703,3, 120 , 40 ,3.99, 295 ,6,48.33,42.33,88
704,2, 103 , 52 ,4.252," 4,150 ",10,12.5,2.50,25
705,1, 100 , 100 ,2.941, 17 ,11,50,39.00,78
706,1, 100 , 100 ,3, 3 ,12,11,-1.00,-9
707,1, 100 , 100 ,3.034, 29 ,12,75,63.00,84
708,1, 100 , 100 ,3.039, 231 ,5,5,0.00,0
709,1, 100 , 100 ,3.25, 64 ,20,17,-3.00,-17
710,1, 100 , 100 ,3.299, 67 ,20,17,-3.00,-17
711,1, 100 , 100 ,3.338, 269 ,3.66,26,22.34,86
712,1, 100 , 100 ,3.367, 572 ,16,14,-2.00,-14
713,1, 100 , 100 ,3.418, 79 ,16,22,6.00,28
714,1, 100 , 100 ,3.423, 71 ,2,4,2.00,50
715,1, 100 , 100 ,3.474, 38 ,13,11,-2.00,-18
716,1, 100 , 100 ,3.514, 70 ,8,76,68.00,90
717,1, 100 , 100 ,3.545, 99 ,11,10,-1.00,-10
718,1, 100 , 100 ,3.557, 88 ,11,10,-1.00,-10
719,1, 100 , 100 ,3.611, 167 ,2,25,23.00,92
720,1, 100 , 100 ,3.625, 24 ,7,6,-1.00,-16
721,1, 100 , 100 ,3.646, 99 ,6,26,20.00,77
722,1, 100 , 100 ,3.651," 1,078 ",9,10,1.00,10
723,1, 100 , 100 ,3.683, 290 ,8,10,2.00,20
724,1, 100 , 100 ,3.689, 103 ,11,10,-1.00,-10
725,1, 100 , 100 ,3.697," 10,286 ",11,10,-1.00,-10
726,1, 100 , 100 ,3.708, 849 ,14,84,70.00,84
727,1, 100 , 100 ,3.714, 49 ,9,56,47.00,84
728,1, 100 , 100 ,3.721, 104 ,5.79,9,3.21,36
729,1, 100 , 100 ,3.762, 151 ,14,104,90.00,87
730,1, 100 , 100 ,3.773," 5,595 ",8,7,-1.00,-14
731,1, 100 , 100 ,3.773, 44 ,7,6,-1.00,-16
732,1, 100 , 100 ,3.774," 3,245 ",6,11,5.00,46
733,1, 100 , 100 ,3.775, 111 ,13,56,43.00,77
734,1, 100 , 100 ,3.776, 116 ,6,6,0.00,0
735,1, 100 , 100 ,3.779, 263 ,7,84,77.00,92
736,1, 100 , 100 ,3.803, 330 ,11,84,73.00,87
737,1, 100 , 100 ,3.815, 610 ,8,7,-1.00,-14
738,1, 100 , 100 ,3.827, 75 ,7,6,-1.00,-16
739,1, 100 , 100 ,3.829," 37,753 ",16,18,2.00,12
740,1, 100 , 100 ,3.833," 1,129 ",5.66,5,-0.66,-13
741,1, 100 , 100 ,3.838, 198 ,8,7,-1.00,-14
742,1, 100 , 100 ,3.851, 897 ,15,28,13.00,47
743,1, 100 , 100 ,3.856, 277 ,3.69,53,49.31,94
744,1, 100 , 100 ,3.857," 7,602 ",7,81,74.00,92
745,1, 100 , 100 ,3.864," 1,022 ",13,26,13.00,50
746,1, 100 , 100 ,3.871," 58,154 ",8,59,51.00,87
747,1, 100 , 100 ,3.877," 50,593 ",8,22,14.00,64
748,1, 100 , 100 ,3.89," 17,612 ",5,75,70.00,94
749,1, 100 , 100 ,3.891," 26,018 ",5,9,4.00,45
750,1, 100 , 100 ,3.893, 224 ,8,10,2.00,20
751,1, 100 , 100 ,3.897," 2,988 ",6,6,0.00,0
752,1, 100 , 100 ,3.897, 107 ,8,7,-1.00,-14
753,1, 100 , 100 ,3.898," 16,885 ",14,51,37.00,73
754,1, 100 , 100 ,3.899," 1,373 ",5.72,9,3.28,37
755,1, 100 , 100 ,3.902, 173 ,8,85,77.00,91
756,1, 100 , 100 ,3.909, 230 ,14,25,11.00,44
757,1, 100 , 100 ,3.91," 35,679 ",9,84,75.00,90
758,1, 100 , 100 ,3.917," 41,623 ",7,33,26.00,79
759,1, 100 , 100 ,3.918, 98 ,5,5,0.00,0
760,1, 100 , 100 ,3.921," 16,741 ",5.8,8,2.20,28
761,1, 100 , 100 ,3.923," 1,643 ",14,12,-2.00,-16
762,1, 100 , 100 ,3.929," 3,897 ",6,34,28.00,83
763,1, 100 , 100 ,3.931," 23,161 ",6,6,0.00,0
764,1, 100 , 100 ,3.931," 2,776 ",6,20,14.00,70
765,1, 100 , 100 ,3.932, 88 ,8,7,-1.00,-14
766,1, 100 , 100 ,3.934," 1,770 ",12,11,-1.00,-9
767,1, 100 , 100 ,3.937," 4,572 ",4,4,0.00,0
768,1, 100 , 100 ,3.945, 613 ,3.81,25,21.19,85
769,1, 100 , 100 ,3.945," 5,988 ",9,8,-1.00,-12
770,1, 100 , 100 ,3.949," 27,964 ",11,13,2.00,16
771,1, 100 , 100 ,3.95," 27,764 ",13,25,12.00,48
772,1, 100 , 100 ,3.952," 1,500 ",3,60,57.00,95
773,1, 100 , 100 ,3.953," 11,030 ",8,30,22.00,74
774,1, 100 , 100 ,3.955," 12,016 ",3,26,23.00,89
775,1, 100 , 100 ,3.962, 210 ,5,19,14.00,74
776,1, 100 , 100 ,3.965," 36,033 ",8,7,-1.00,-14
777,1, 100 , 100 ,3.967, 300 ,9,8,-1.00,-12
778,1, 100 , 100 ,3.968, 185 ,1.67,2,0.33,17
779,1, 100 , 100 ,3.975," 2,869 ",9,8,-1.00,-12
780,1, 100 , 100 ,3.975," 1,284 ",3,7,4.00,58
781,1, 100 , 100 ,3.982, 901 ,16,14,-2.00,-14
782,1, 100 , 100 ,3.988, 900 ,2.65,3,0.35,12
783,1, 100 , 100 ,3.993, 150 ,5.89,5,-0.89,-17
784,1, 100 , 100 ,3.997," 2,435 ",16,33,17.00,52
785,1, 100 , 100 ,4, 88 ,7,17,10.00,59
786,1, 100 , 100 ,4.001," 5,301 ",12,11,-1.00,-9
787,1, 100 , 100 ,4.001," 17,222 ",11,51,40.00,79
788,1, 100 , 100 ,4.003," 3,852 ",5.73,5,-0.73,-14
789,1, 100 , 100 ,4.003," 1,250 ",1.72,2,0.28,14
790,1, 100 , 100 ,4.005," 4,955 ",8,9,1.00,12
791,1, 100 , 100 ,4.014," 5,244 ",12,59,47.00,80
792,1, 100 , 100 ,4.015, 546 ,11,10,-1.00,-10
793,1, 100 , 100 ,4.019, 746 ,11,22,11.00,50
794,1, 100 , 100 ,4.02, 196 ,12,14,2.00,15
795,1, 100 , 100 ,4.023," 4,402 ",9,8,-1.00,-12
796,1, 100 , 100 ,4.024," 1,746 ",11,10,-1.00,-10
797,1, 100 , 100 ,4.028," 17,002 ",12,11,-1.00,-9
798,1, 100 , 100 ,4.03, 689 ,2,2,0.00,0
799,1, 100 , 100 ,4.035," 5,311 ",11,84,73.00,87
800,1, 100 , 100 ,4.039," 4,836 ",5,11,6.00,55
801,1, 100 , 100 ,4.04," 11,557 ",8,11,3.00,28
802,1, 100 , 100 ,4.041, 267 ,9,49,40.00,82
803,1, 100 , 100 ,4.044," 16,726 ",16,88,72.00,82
804,1, 100 , 100 ,4.045, 88 ,8,7,-1.00,-14
805,1, 100 , 100 ,4.051," 102,568 ",6,7,1.00,15
806,1, 100 , 100 ,4.055, 874 ,11,26,15.00,58
807,1, 100 , 100 ,4.056," 1,086 ",3,3,0.00,0
808,1, 100 , 100 ,4.067, 89 ,8,7,-1.00,-14
809,1, 100 , 100 ,4.07," 5,939 ",9,8,-1.00,-12
810,1, 100 , 100 ,4.077," 1,585 ",8,9,1.00,12
811,1, 100 , 100 ,4.087," 7,385 ",14,26,12.00,47
812,1, 100 , 100 ,4.097," 1,338 ",1.72,56,54.28,97
813,1, 100 , 100 ,4.101," 32,724 ",8,7,-1.00,-14
814,1, 100 , 100 ,4.106, 540 ,1.89,2,0.11,6
815,1, 100 , 100 ,4.107," 2,199 ",8,25,17.00,68
816,1, 100 , 100 ,4.111, 425 ,12,43,31.00,73
817,1, 100 , 100 ,4.118," 4,943 ",5.83,64,58.17,91
818,1, 100 , 100 ,4.123," 1,172 ",5,5,0.00,0
819,1, 100 , 100 ,4.123," 38,936 ",11,10,-1.00,-10
820,1, 100 , 100 ,4.125," 1,385 ",9,34,25.00,74
821,1, 100 , 100 ,4.127, 521 ,5,59,54.00,92
822,1, 100 , 100 ,4.128," 17,655 ",7,6,-1.00,-16
823,1, 100 , 100 ,4.129, 568 ,16,14,-2.00,-14
824,1, 100 , 100 ,4.13," 1,928 ",9,17,8.00,48
825,1, 100 , 100 ,4.131," 24,132 ",8,7,-1.00,-14
826,1, 100 , 100 ,4.136," 18,529 ",7,6,-1.00,-16
827,1, 100 , 100 ,4.141," 8,685 ",11,26,15.00,58
828,1, 100 , 100 ,4.151," 1,269 ",7,34,27.00,80
829,1, 100 , 100 ,4.157, 300 ,18,115,97.00,85
830,1, 100 , 100 ,4.158," 19,867 ",5,26,21.00,81
831,1, 100 , 100 ,4.158," 7,267 ",15,59,44.00,75
832,1, 100 , 100 ,4.159," 2,602 ",6,145,139.00,96
833,1, 100 , 100 ,4.167, 30 ,1,1,0.00,0
834,1, 100 , 100 ,4.167, 629 ,6,17,11.00,65
835,1, 100 , 100 ,4.168," 10,799 ",5,5,0.00,0
836,1, 100 , 100 ,4.17," 3,520 ",14,12,-2.00,-16
837,1, 100 , 100 ,4.186, 435 ,11,28,17.00,61
838,1, 100 , 100 ,4.19, 163 ,2.9,3,0.10,4
839,1, 100 , 100 ,4.192," 14,327 ",4.7,19,14.30,76
840,1, 100 , 100 ,4.195," 18,079 ",13,68,55.00,81
841,1, 100 , 100 ,4.21," 2,282 ",11,10,-1.00,-10
842,1, 100 , 100 ,4.21," 9,541 ",11,30,19.00,64
843,1, 100 , 100 ,4.211, 878 ,14,97,83.00,86
844,1, 100 , 100 ,4.212," 1,290 ",8,7,-1.00,-14
845,1, 100 , 100 ,4.213," 5,106 ",5.92,9,3.08,35
846,1, 100 , 100 ,4.213," 2,399 ",3.93,24,20.07,84
847,1, 100 , 100 ,4.223," 29,977 ",49,42,-7.00,-16
848,1, 100 , 100 ,4.227," 1,465 ",18,47,29.00,62
849,1, 100 , 100 ,4.227," 7,740 ",12,102,90.00,89
850,1, 100 , 100 ,4.228," 7,328 ",14,92,78.00,85
851,1, 100 , 100 ,4.228," 2,228 ",9,46,37.00,81
852,1, 100 , 100 ,4.232," 14,664 ",8,85,77.00,91
853,1, 100 , 100 ,4.232," 4,501 ",3.87,15,11.13,75
854,1, 100 , 100 ,4.234, 487 ,19,17,-2.00,-11
855,1, 100 , 100 ,4.236," 7,023 ",7,6,-1.00,-16
856,1, 100 , 100 ,4.238, 63 ,8,22,14.00,64
857,1, 100 , 100 ,4.24," 3,769 ",9,8,-1.00,-12
858,1, 100 , 100 ,4.243," 8,888 ",3.65,9,5.35,60
859,1, 100 , 100 ,4.244," 4,758 ",12,100,88.00,88
860,1, 100 , 100 ,4.245," 1,309 ",2.79,13,10.21,79
861,1, 100 , 100 ,4.247, 299 ,11,10,-1.00,-10
862,1, 100 , 100 ,4.248," 7,218 ",2.69,3,0.31,11
863,1, 100 , 100 ,4.264," 16,994 ",11,10,-1.00,-10
864,1, 100 , 100 ,4.264, 855 ,7,6,-1.00,-16
865,1, 100 , 100 ,4.272," 1,088 ",16,76,60.00,79
866,1, 100 , 100 ,4.274," 8,950 ",18,76,58.00,77
867,1, 100 , 100 ,4.276," 8,443 ",4.66,11,6.34,58
868,1, 100 , 100 ,4.278," 12,745 ",8,7,-1.00,-14
869,1, 100 , 100 ,4.283, 120 ,11,10,-1.00,-10
870,1, 100 , 100 ,4.288," 29,265 ",14,84,70.00,84
871,1, 100 , 100 ,4.29," 3,190 ",9,17,8.00,48
872,1, 100 , 100 ,4.299," 3,028 ",5.65,26,20.35,79
873,1, 100 , 100 ,4.311," 19,632 ",16,50,34.00,68
874,1, 100 , 100 ,4.325," 1,151 ",11,10,-1.00,-10
875,1, 100 , 100 ,4.337," 34,975 ",9,8,-1.00,-12
876,1, 100 , 100 ,4.337," 7,012 ",8,7,-1.00,-14
877,1, 100 , 100 ,4.341," 1,972 ",5.85,43,37.15,87
878,1, 100 , 100 ,4.343," 3,038 ",7,6,-1.00,-16
879,1, 100 , 100 ,4.365, 96 ,5.86,5,-0.86,-17
880,1, 100 , 100 ,4.365," 10,917 ",3.69,40,36.31,91
881,1, 100 , 100 ,4.366," 6,121 ",11,42,31.00,74
882,1, 100 , 100 ,4.431," 105,684 ",7,6,-1.00,-16
883,1, 100 , 100 ,4.438," 54,773 ",2.66,9,6.34,71
884,1, 100 , 100 ,4.444, 36 ,5.75,16,10.25,65
885,1, 100 , 100 ,4.456," 10,622 ",1.76,2,0.24,12
886,1, 100 , 100 ,4.463," 3,682 ",13,26,13.00,50
887,1, 100 , 100 ,4.487," 2,805 ",5,9,4.00,45
888,1, 100 , 100 ,4.522, 343 ,3.73,17,13.27,79
889,1, 100 , 100 ,4.578," 1,032 ",8,47,39.00,83
890,1, 100 , 100 ,5, -   ,7,6,-1.00,-16
891,2, 100 , 50 ,3.516, 254 ,4,4,0.00,0
892,2, 100 , 50 ,3.75, 4 ,5,5,0.00,0
893,2, 100 , 50 ,3.792, 519 ,8,7,-1.00,-14
894,2, 100 , 50 ,3.88," 3,730 ",3.76,7,3.24,47
895,2, 100 , 50 ,3.923, 26 ,20,17,-3.00,-17
896,2, 100 , 50 ,4.175, 57 ,12,85,73.00,86
897,2, 100 , 50 ,4.458, 537 ,9,34,25.00,74
898,2, 60 , 30 ,3.885, 52 ,12,14,2.00,15
899,1, 50 , 50 ,3.464, 28 ,12,11,-1.00,-9
900,1, 50 , 50 ,3.667, 9 ,5,38,33.00,87
901,1, 50 , 50 ,3.676, 34 ,15,13,-2.00,-15
902,1, 50 , 50 ,3.714, 21 ,11,85,74.00,88
903,1, 50 , 50 ,3.722, 144 ,6,6,0.00,0
904,1, 50 , 50 ,3.774, 62 ,9,8,-1.00,-12
905,1, 50 , 50 ,3.84," 2,647 ",12,11,-1.00,-9
906,1, 50 , 50 ,3.861," 4,098 ",3.86,6,2.14,36
907,1, 50 , 50 ,3.872, 47 ,8,56,48.00,86
908,1, 50 , 50 ,3.937, 399 ,27,23,-4.00,-17
909,1, 50 , 50 ,3.98, 249 ,8,7,-1.00,-14
910,1, 50 , 50 ,4.01, 401 ,25,38,13.00,35
911,1, 50 , 50 ,4.094," 14,358 ",13,11,-2.00,-18
912,1, 50 , 50 ,4.12," 8,397 ",9,33,24.00,73
913,1, 50 , 50 ,4.128," 2,283 ",8,7,-1.00,-14
914,1, 50 , 50 ,4.16," 19,281 ",8,7,-1.00,-14
915,1, 50 , 50 ,4.17, 47 ,1,8,7.00,88
916,1, 50 , 50 ,4.323," 5,508 ",16,14,-2.00,-14
917,1, 50 , 50 ,4.385," 71,919 ",12,17,5.00,30
918,1, 50 , 50 ,4.434," 3,063 ",16,14,-2.00,-14
919,3, 30 , 10 ,3.548, 31 ,16,14,-2.00,-14
920,3, 30 , 10 ,3.915, 47 ,11,168,157.00,94
921,3, 24 , 8 ,3.917, 626 ,8,68,60.00,89
922,2, 20 , 10 ,3.609, 46 ,7,17,10.00,59
923,2, 20 , 10 ,3.667, 42 ,2,2,0.00,0
924,2, 20 , 10 ,3.691, 291 ,9,10,1.00,10
925,2, 20 , 10 ,3.692, 13 ,2.67,67,64.33,97
926,2, 20 , 10 ,3.837, 129 ,5,5,0.00,0
927,2, 20 , 10 ,3.859, 397 ,7,68,61.00,90
928,1, 10 , 10 ,2.333, 3 ,5.75,5,-0.75,-15
929,1, 10 , 10 ,3.508, 65 ,3.92,9,5.08,57
930,1, 10 , 10 ,3.625, 8 ,8,17,9.00,53
931,1, 10 , 10 ,3.76," 1,531 ",7,22,15.00,69
932,1, 10 , 10 ,3.778, 72 ,3.7,9,5.30,59
933,1, 10 , 10 ,3.81," 4,485 ",7,7,0.00,0
934,1, 10 , 10 ,3.873, 528 ,11,70,59.00,85
935,1, 10 , 10 ,3.875, 514 ,14,12,-2.00,-16
936,1, 10 , 10 ,3.959," 5,123 ",6,6,0.00,0
937,1, 10 , 10 ,4.008, 238 ,12,67,55.00,83
938,1, 10 , 10 ,4.015, 676 ,16,25,9.00,36
939,1, 10 , 10 ,4.021, 331 ,15,13,-2.00,-15
940,1, 10 , 10 ,4.037," 28,798 ",5.65,33,27.35,83
941,1, 10 , 10 ,4.042," 3,694 ",7,66,59.00,90
942,1, 10 , 10 ,4.062, 193 ,7,7,0.00,0
943,1, 10 , 10 ,4.17," 1,496 ",8,33,25.00,76
944,1, 10 , 10 ,4.173," 9,217 ",14,12,-2.00,-16
945,1, 10 , 10 ,4.2, 60 ,3.71,5,1.29,26
946,1, 10 , 10 ,4.295," 22,621 ",11,30,19.00,64
947,1, 10 , 10 ,4.326," 173,992 ",8,7,-1.00,-14
948,1, 10 , 10 ,4.466," 1,442 ",16,14,-2.00,-14
949,1, 10 , 10 ,4.501," 2,038 ",18,59,41.00,70
950,1, 10 , 10 ,4.513, 160 ,5.68,5,-0.68,-13
951,1, 8 , 8 ,3.949," 53,225 ",7,31,24.00,78
952,1, 7 , 7 ,4.249," 6,348 ",8,55,47.00,86
953,1, 3 , 3 ,3.991," 11,378 ",4.81,30,25.19,84
954,1, 2 , 2 ,3.999," 21,307 ",11,10,-1.00,-10
955,1, 2 , 2 ,4.303, 693 ,16,16,0.00,0
956,1, 1 , 1 ,3.598, 378 ,2.72,9,6.28,70
957,1, 1 , 1 ,3.956," 1,134 ",14,14,0.00,0
958,1, 1 , 1 ,4.007," 1,380 ",11,30,19.00,64
